organization,soil_property,prep_transform,train,prep_spectra,components,n,rmse,bias,rsq,ccc,rpd,rpiq
1,carbon_org_perc,logTransform,int10CVrep10,BOC,10,69,0.4076074260143823,0.017125482243675206,0.869322239658516,0.9318061534888292,2.7505605109112956,3.8601028319935704
1,carbon_org_perc,logTransform,int10CVrep10,raw,18,69,0.44048797430580106,0.02463711112125967,0.8688954417480385,0.9311163923965387,2.7649871140214977,3.6602576253970964
1,carbon_org_perc,logTransform,int10CVrep10,SG1stDer,8,69,0.34816503461150816,0.007323230313657337,0.916156476618414,0.9567818270244832,3.462121461104025,4.583115926217086
1,carbon_org_perc,logTransform,int10CVrep10,SNV,9,69,0.40942444223175073,0.030464408340558535,0.8836801299206228,0.9375557776885421,2.9462357507739574,3.900192452363115
1,carbon_org_perc,logTransform,int10CVrep10,SNVplusSG1stDer,8,69,0.35273764206815117,0.007151363429723825,0.9137558599885944,0.955260296397116,3.4202920765581557,4.5277426758416075
1,carbon_org_perc,logTransform,int10CVrep10,wavelet,8,69,0.34885736861860583,0.012556408147595522,0.9160829351110652,0.9567102778360499,3.4579001608010698,4.577527818213028
1,clay_perc,withoutTransform,int10CVrep10,BOC,5,69,NA,NA,NA,NA,NA,NA
1,clay_perc,withoutTransform,int10CVrep10,raw,6,69,7.628331377402134,0.18886210322215322,0.5882666529990608,0.757944257312831,1.5536060019831341,1.8970475043548414
1,clay_perc,withoutTransform,int10CVrep10,SG1stDer,5,69,8.176120395032799,0.7085979172149895,0.6392433145927552,0.7901628724400562,1.4475674764370532,1.767568009556363
1,clay_perc,withoutTransform,int10CVrep10,SNV,16,69,6.6991620455752,0.25009642469378557,0.7360635729194154,0.8512729296494133,1.7979007597445393,2.195346275051323
1,clay_perc,withoutTransform,int10CVrep10,SNVplusSG1stDer,13,69,6.657275764643156,0.45831515503456155,0.7542370990694677,0.8594780203101811,1.7871882120049705,2.1822656021338065
1,clay_perc,withoutTransform,int10CVrep10,wavelet,7,69,6.637337683549234,0.7117303320499554,0.7390337695488916,0.8540209257751266,1.788922676031447,2.1843834882958197
1,pH_H20,withoutTransform,int10CVrep10,BOC,6,70,0.5250424157758187,-0.022766349479504917,0.8104941543864363,0.8990442441173433,2.259578609762041,3.842463410972948
1,pH_H20,withoutTransform,int10CVrep10,raw,11,70,0.6590996317578461,-0.0422615288541648,0.7840551134447736,0.873696767544291,1.8769512723924104,2.965912365357502
1,pH_H20,withoutTransform,int10CVrep10,SG1stDer,5,70,0.6637823171509969,-0.06663535930884398,0.7510945047420825,0.8619935768202955,1.843736494697231,2.913427188289923
1,pH_H20,withoutTransform,int10CVrep10,SNV,7,70,0.4590299935190664,0.02910022208196321,0.8597192160906133,0.926023135046606,2.67948463313758,4.234055898573519
1,pH_H20,withoutTransform,int10CVrep10,SNVplusSG1stDer,8,70,0.4402826781456313,4.5268494713442e-4,0.8759593737675058,0.9351090544227014,2.779519957350727,4.392129264366412
1,pH_H20,withoutTransform,int10CVrep10,wavelet,14,70,0.5604822357113455,-6.508070066793548e-5,0.837174159253671,0.9049661818879602,2.2701952500517004,3.5873068539077706
1,potassium_cmolkg,logTransform,int10CVrep10,BOC,6,69,0.5204919798392587,-0.0013994747387649266,0.5630924255279374,0.7447317930413723,1.4918498627239658,1.8802178310154227
1,potassium_cmolkg,logTransform,int10CVrep10,raw,5,69,0.5479047748342561,-0.012511620847666678,0.5133287869308238,0.7107240562205964,1.4026006779445042,1.861282730682785
1,potassium_cmolkg,logTransform,int10CVrep10,SG1stDer,5,69,0.5620658896582842,-0.0030393273849142186,0.5224749385030982,0.7224182074506613,1.3664764605877762,1.813345079587361
1,potassium_cmolkg,logTransform,int10CVrep10,SNV,5,69,0.548388158814103,-0.012051365239731071,0.5215820514641524,0.7191819157110884,1.4009940843073758,1.8591507446948743
1,potassium_cmolkg,logTransform,int10CVrep10,SNVplusSG1stDer,5,69,0.562516103776068,-0.012999020408486982,0.5206745825478865,0.7209767508170886,1.3653484077124372,1.8118481279822594
1,potassium_cmolkg,logTransform,int10CVrep10,wavelet,5,69,0.5629199846494615,0.0016958116890995194,0.5303125920822516,0.7279970020480928,1.364106320929028,1.8101998508094885
2,carbon_org_perc,logTransform,int10CVrep10,BOC,20,69,0.4769048808495832,-0.010359006424754243,0.8551292534088749,0.9221646980638378,2.569393070829627,3.401332517050379
2,carbon_org_perc,logTransform,int10CVrep10,raw,10,69,0.46859530304578145,0.03470578028446787,0.8475330130495348,0.9176042265337992,2.578907959486167,3.413928215447415
2,carbon_org_perc,logTransform,int10CVrep10,SG1stDer,7,69,0.36545893495254833,0.01032921354676245,0.9076966529517307,0.9519038042959349,3.3096629544551526,4.381293136993826
2,carbon_org_perc,logTransform,int10CVrep10,SNV,8,69,0.40518572495399535,0.03150741814689199,0.8868913844812929,0.9403745521564405,2.984315504640909,3.9506019854701364
2,carbon_org_perc,logTransform,int10CVrep10,SNVplusSG1stDer,7,69,0.3800588770836585,0.007552364295577086,0.90002247740192165,0.9475137808700494,3.1778871162357634,4.206849822506155
2,carbon_org_perc,logTransform,int10CVrep10,wavelet,7,69,0.37462765682937277,-7.777853038028451e-4,0.9031563632631031,0.9496935622719972,3.22414442969953,4.268084713431154
2,clay_perc,withoutTransform,int10CVrep10,BOC,9,69,12.580026436522015,1.1159266026727057,0.4644238155016857,0.6314467376717512,1.0548507071829174,1.288036927621252
2,clay_perc,withoutTransform,int10CVrep10,raw,17,69,9.947370156548661,1.070844763804299,0.5559894253076587,0.7198070952566105,1.2433203164810966,1.518169793682183
2,clay_perc,withoutTransform,int10CVrep10,SG1stDer,9,69,10.158870588461799,1.104207697282011,0.5608272032110516,0.7209346834121353,1.1721957732762671,1.4313223967148245
2,clay_perc,withoutTransform,int10CVrep10,SNV,19,69,6.4087260860099775,-0.00551031030154365,0.7218376165176995,0.84327797784761,1.9318143946010167,2.3588629752180896
2,clay_perc,withoutTransform,int10CVrep10,SNVplusSG1stDer,8,69,7.836678998886041,0.6917981689159668,0.6487505946319656,0.7990385678783871,1.5175026504709672,1.8529631143630565
2,clay_perc,withoutTransform,int10CVrep10,wavelet,8,69,9.806902866156516,0.9233869646106284,0.5565954272389212,0.7260139025638105,1.208859727312976,1.476091316515814
2,pH_H20,withoutTransform,int10CVrep10,BOC,7,70,0.6459636242241112,-0.010756868107320768,0.7494056755233928,0.8546357770152817,2.0690473912303733,3.2694579408760887
2,pH_H20,withoutTransform,int10CVrep10,raw,7,70,0.5158744643769924,0.0037497508391749297,0.8199887152511851,0.9027677746635971,2.3776096326714393,3.7570404268113724
2,pH_H20,withoutTransform,int10CVrep10,SG1stDer,5,70,0.6602845908331965,-0.06935414195440408,0.7522752597269012,0.8624350701642373,1.8671205661440105,2.950378124457811
2,pH_H20,withoutTransform,int10CVrep10,SNV,7,70,0.48740840203299685,0.0036546597319187233,0.8440321863938713,0.9177196180226463,2.525206365457427,3.990269163910311
2,pH_H20,withoutTransform,int10CVrep10,SNVplusSG1stDer,5,70,0.48893594942764995,-0.027779887282533312,0.8435862577110324,0.917749500950486,2.5094052034845156,3.965300555309866
2,pH_H20,withoutTransform,int10CVrep10,wavelet,5,70,0.6284451290644694,-0.05965375931331094,0.7613434262245687,0.8701525773418288,1.9542678688106963,3.0880861547026353
2,potassium_cmolkg,logTransform,int10CVrep10,BOC,5,69,0.5494577461673014,0.008673846340200719,0.5219009507248374,0.7191674327529612,1.4002315925902205,1.8581389009907134
2,potassium_cmolkg,logTransform,int10CVrep10,raw,5,69,0.5832586674717279,-0.013133339734245937,0.4724378291972892,0.6842801194328361,1.3190878521162352,1.7504593274512443
2,potassium_cmolkg,logTransform,int10CVrep10,SG1stDer,5,69,0.566438498255375,-0.009107814481388232,0.5132187578788433,0.7157333230696677,1.3555495816846086,1.7988448648630013
2,potassium_cmolkg,logTransform,int10CVrep10,SNV,5,69,0.5856486619747627,-0.01701126295461595,0.4695520982970598,0.6826716116586805,1.3121046250730921,1.741192427681249
2,potassium_cmolkg,logTransform,int10CVrep10,SNVplusSG1stDer,5,69,0.5611077388719051,-0.012124808677163623,0.5175130054051215,0.718615890970153,1.3684542353361202,1.8159696312806253
2,potassium_cmolkg,logTransform,int10CVrep10,wavelet,5,69,0.5359985018860409,-0.004788333728180624,0.5516162892514022,0.7416569712272423,1.4332236840928274,1.9019201504429102
3,carbon_org_perc,logTransform,int10CVrep10,BOC,9,69,0.4485563254722427,0.0032269572242747176,0.8593352243806497,0.9234483296425865,2.6893223558848134,3.5600935029174026
3,carbon_org_perc,logTransform,int10CVrep10,raw,6,69,0.46302868762373406,9.177490332213866e-4,0.8508256629763339,0.9208746053742127,2.602261086449485,3.444842811978763
3,carbon_org_perc,logTransform,int10CVrep10,SG1stDer,14,69,0.3121973005674142,0.009831289418332086,0.9320053224552194,0.9648908322788452,3.862497005952839,5.113128393046974
3,carbon_org_perc,logTransform,int10CVrep10,SNV,7,69,0.4136986397439084,0.015425768788650871,0.8802010385829399,0.93645136083749,2.923450948679325,3.870030197650563
3,carbon_org_perc,logTransform,int10CVrep10,SNVplusSG1stDer,10,69,0.30911066626274347,0.009821704922635016,0.9332099716930359,0.9652595845276299,3.904633492785198,5.1689081818400116
3,carbon_org_perc,logTransform,int10CVrep10,wavelet,10,69,0.32359454177870794,0.007902222046284425,0.9268767576514102,0.9615591677769028,3.7311692495883686,4.939278244081829
3,clay_perc,withoutTransform,int10CVrep10,BOC,22,69,6.694546551055491,0.6851260411351825,0.7277944365121245,0.8472311402939166,1.7872466454675078,2.1823369529487078
3,clay_perc,withoutTransform,int10CVrep10,raw,21,69,6.80615098095259,0.7131984397806291,0.7159264292877136,0.8415290379339331,1.740729541837938,2.125536737683288
3,clay_perc,withoutTransform,int10CVrep10,SG1stDer,15,69,6.296782784556084,0.5806707912057931,0.747774150491721,0.8615494930698897,1.8832067434414077,2.299510074156185
3,clay_perc,withoutTransform,int10CVrep10,SNV,18,69,5.942008200340764,0.1339495525487589,0.7531339137905905,0.8666645699597983,1.996484652969053,2.437829297494436
3,clay_perc,withoutTransform,int10CVrep10,SNVplusSG1stDer,15,69,6.0433751400642315,0.515539281804036,0.7524811941484282,0.865678249371321,1.9549287070583534,2.3870869578147693
3,clay_perc,withoutTransform,int10CVrep10,wavelet,8,69,6.868903156968244,0.3994253705681377,0.7043784341086482,0.8359097368230031,1.7400590688286863,2.1247180493238744
3,pH_H20,withoutTransform,int10CVrep10,BOC,18,70,0.4807865843611199,-0.05635024909546319,0.8644433476575402,0.9255614751043728,2.5788463971782862,4.075029826426756
3,pH_H20,withoutTransform,int10CVrep10,raw,18,70,0.5344442747469573,-0.005115098269434782,0.8482011202110654,0.9133498588978726,2.3127021150783786,3.6544751594730576
3,pH_H20,withoutTransform,int10CVrep10,SG1stDer,14,70,0.3679364652748247,0.006803313392659109,0.9130077936516479,0.9545738328591109,3.3628471681700254,5.313888615856253
3,pH_H20,withoutTransform,int10CVrep10,SNV,10,70,0.4076058518424409,0.007280948693924953,0.8908223188464098,0.9426918905209738,3.0202256945051476,4.772486566518864
3,pH_H20,withoutTransform,int10CVrep10,SNVplusSG1stDer,10,70,0.3341137812104882,0.015988510905117652,0.9287767655967765,0.9628931180468617,3.6573488348338175,5.77925292638691
3,pH_H20,withoutTransform,int10CVrep10,wavelet,14,70,0.36924588504903305,-0.020490109971585048,0.9114250940383204,0.9539728691879976,3.306631157130395,5.2250574540003605
3,potassium_cmolkg,logTransform,int10CVrep10,BOC,5,69,0.49389360412869476,-0.002839443680541366,0.6004811327210517,0.7715739045757971,1.5558256309828993,2.0646156988501723
3,potassium_cmolkg,logTransform,int10CVrep10,raw,5,69,0.49237093272165416,-0.011262145657884975,0.5986952992531105,0.7690226192422891,1.5600065386414936,2.070163857599764
3,potassium_cmolkg,logTransform,int10CVrep10,SG1stDer,5,69,0.5455132467996886,-3.8366656457360397e-4,0.5437440507752931,0.7368476655394913,1.4078656098184017,1.8682694140126892
3,potassium_cmolkg,logTransform,int10CVrep10,SNV,5,69,0.5621789540183117,-0.008541105405649565,0.5076168922355924,0.710356220971578,1.3671907712991458,1.8142929860102799
3,potassium_cmolkg,logTransform,int10CVrep10,SNVplusSG1stDer,5,69,0.5598775352068156,-0.008486073371146522,0.5286632638661501,0.7266777466166934,1.3718946725962513,1.820535169112579
3,potassium_cmolkg,logTransform,int10CVrep10,wavelet,5,69,0.5612155692216897,0.002117935888033442,0.5295906041343484,0.7272682921367791,1.3688592130037203,1.8165070457784716
4,carbon_org_perc,logTransform,int10CVrep10,BOC,5,69,0.8863820605186629,0.0985658830139989,0.5118157279713652,0.7110326658497357,1.3631741239435777,1.8045539730026
4,carbon_org_perc,logTransform,int10CVrep10,raw,10,69,0.37604420620363294,0.025995036570650883,0.9017426641732593,0.9482234265730028,3.2186048412509205,4.260751470987541
4,carbon_org_perc,logTransform,int10CVrep10,SG1stDer,8,69,0.3083630573201041,-0.026243349481390354,0.9362411239819487,0.9669790768173088,3.9303079091029254,5.2028956740883565
4,carbon_org_perc,logTransform,int10CVrep10,SNV,8,69,0.3476968981797481,0.029572788134289412,0.9164494440548541,0.9563675295610986,3.485665420586625,4.6142831446070796
4,carbon_org_perc,logTransform,int10CVrep10,SNVplusSG1stDer,7,69,0.3306995131839379,-0.016992937950191186,0.9255146547212079,0.9615136111849689,3.6649784957442106,4.851655697755931
4,carbon_org_perc,logTransform,int10CVrep10,wavelet,5,69,0.3662510729506241,-0.019834990102407746,0.9101047793886637,0.9534794403986477,3.307208360576275,4.378043774305352
4,clay_perc,withoutTransform,int10CVrep10,BOC,26,69,8.003135001445447,0.2996619817635855,0.6578684916945335,0.7958454781446137,1.5649654428627233,1.9109180731760123
4,clay_perc,withoutTransform,int10CVrep10,raw,7,69,7.644100843212024,0.3119931442686305,0.6133975988612113,0.7813773083219163,1.5470066188442035,1.8889892558040446
4,clay_perc,withoutTransform,int10CVrep10,SG1stDer,12,69,5.885939043738019,0.44890326797380675,0.7893419088756625,0.8828250255241206,2.064148120434134,2.520450510290202
4,clay_perc,withoutTransform,int10CVrep10,SNV,13,69,6.331406765065177,0.32532980834715003,0.7408646703805566,0.8581238006052442,1.8940081874703318,2.312699294854575
4,clay_perc,withoutTransform,int10CVrep10,SNVplusSG1stDer,13,69,5.002116376782587,0.24208053355073553,0.8238659333302922,0.9067614845757511,2.383804258759082,2.9107701142869633
4,clay_perc,withoutTransform,int10CVrep10,wavelet,8,69,5.9822122580505335,0.2407061369807053,0.7821045130598416,0.8803848593578221,1.9848786208117133,2.4236576257118614
4,pH_H20,withoutTransform,int10CVrep10,BOC,5,70,0.9780011456431046,-0.08811044697734743,0.46500896111274687,0.6627852188970553,1.3697372486223853,2.1644252052434494
4,pH_H20,withoutTransform,int10CVrep10,raw,10,70,0.5521233131398817,-0.00851238516140162,0.7980719811260076,0.8920728415793915,2.237705385833801,3.535967167337309
4,pH_H20,withoutTransform,int10CVrep10,SG1stDer,6,70,0.6035008783985097,-0.03822847916638734,0.7726682224461211,0.8775068864706903,2.032948608125665,3.2124155291952876
4,pH_H20,withoutTransform,int10CVrep10,SNV,9,70,0.5170561431867602,0.01879456268506551,0.8218821438682503,0.9051857446806502,2.372848754899613,3.749517404524589
4,pH_H20,withoutTransform,int10CVrep10,SNVplusSG1stDer,7,70,0.450913523624978,0.004177803840551684,0.8632934299548762,0.9285067331149139,2.715113517706776,4.29035578811353
4,pH_H20,withoutTransform,int10CVrep10,wavelet,8,70,0.5839621721674895,-0.020268429596611372,0.8056155989627799,0.8934148754409609,2.10045759406554,3.3190915730100037
4,potassium_cmolkg,logTransform,int10CVrep10,BOC,5,69,0.5830398778495995,0.0364177829755653,0.4870125222990077,0.6941028329674412,1.3255934789358128,1.7590924409538644
4,potassium_cmolkg,logTransform,int10CVrep10,raw,16,69,0.5118166251974239,0.020924811998889854,0.6324098247060883,0.7911339809731772,1.516126710613818,2.011934336241673
4,potassium_cmolkg,logTransform,int10CVrep10,SG1stDer,5,69,0.5876914778224723,0.01300005981297288,0.4993660865291373,0.7057787796924525,1.308971139406012,1.7370342215355588
4,potassium_cmolkg,logTransform,int10CVrep10,SNV,18,69,0.5581067301132308,0.05653694941256959,0.5866976545309648,0.7593368999214546,1.3813957596066846,1.8331433258412286
4,potassium_cmolkg,logTransform,int10CVrep10,SNVplusSG1stDer,5,69,0.572928168569219,0.009098895073393011,0.5092364875695531,0.7130211935531183,1.3415913431253073,1.7803219675125934
4,potassium_cmolkg,logTransform,int10CVrep10,wavelet,5,69,0.5806934328305448,0.025693393045001012,0.5201990749230633,0.7199465421070275,1.324181528005158,1.7572187502269707
5,carbon_org_perc,logTransform,int10CVrep10,BOC,10,69,0.3650730071796343,0.006725260436113164,0.9066433970065194,0.9507412056464304,3.309702038516155,4.381344876016982
5,carbon_org_perc,logTransform,int10CVrep10,raw,12,69,0.39996991645266944,0.01281014713114535,0.8881249515984855,0.9400625956121784,3.0166439884992196,3.9933980545584307
5,carbon_org_perc,logTransform,int10CVrep10,SG1stDer,7,69,0.3394180041753448,-0.003519038377820815,0.9199021858722749,0.9572021845724924,3.5490940692426154,4.698249248367344
5,carbon_org_perc,logTransform,int10CVrep10,SNV,10,69,0.35381650468533576,0.015490571910507974,0.9124866118762642,0.9536463925750198,3.4143281991136853,4.519847764584206
5,carbon_org_perc,logTransform,int10CVrep10,SNVplusSG1stDer,7,69,0.3362970504186931,-0.007328101632773121,0.9215477040217828,0.9580092482839887,3.5839306713540315,4.7443655350851435
5,carbon_org_perc,logTransform,int10CVrep10,wavelet,7,69,0.35732190304971667,-0.0031885629255001885,0.9113681535921104,0.9519223256556489,3.3737963622671985,4.466192192687913
5,clay_perc,withoutTransform,int10CVrep10,BOC,5,69,9.340913706917314,0.7392061131756733,0.4869750414274282,0.6936132777027343,1.2716446969935697,1.5527555865376401
5,clay_perc,withoutTransform,int10CVrep10,raw,5,69,8.771654747078035,0.7131164609852361,0.4973071183331938,0.6969260233697276,1.3550661482977424,1.6546182568699075
5,clay_perc,withoutTransform,int10CVrep10,SG1stDer,8,69,10.03817253397055,1.0589239112003466,0.5265045900294206,0.7076850908652027,1.1825212190171142,1.4439303945270252
5,clay_perc,withoutTransform,int10CVrep10,SNV,18,69,7.551289062881497,0.17851411790952404,0.6588429051081531,0.8062987549858806,1.5912185724694128,1.9429747425878847
5,clay_perc,withoutTransform,int10CVrep10,SNVplusSG1stDer,8,69,8.87231130407982,0.6734428353623293,0.5546455382854748,0.7399220977071652,1.3329592243405377,1.6276243569567732
5,clay_perc,withoutTransform,int10CVrep10,wavelet,9,69,10.033145251617954,0.6214307561646357,0.4983737712612426,0.694389289594185,1.1821083633164309,1.4434262725838554
5,pH_H20,withoutTransform,int10CVrep10,BOC,5,70,0.558022242638587,-0.03622443690972831,0.7918663193694451,0.8881665548715798,2.186226510231201,3.4546215107130758
5,pH_H20,withoutTransform,int10CVrep10,raw,5,70,0.6007821259301417,-0.039983816741223144,0.7703637140400535,0.8769985231943257,2.0339637638292163,3.2140196533396974
5,pH_H20,withoutTransform,int10CVrep10,SG1stDer,9,70,0.5934599171693752,-0.04682454558924384,0.7913012856885763,0.8857861967316591,2.1046617190257426,3.325734828159126
5,pH_H20,withoutTransform,int10CVrep10,SNV,7,70,0.497883245735298,0.0028149859726183234,0.838420900468415,0.9148384141148264,2.4727248417308103,3.9073391473120793
5,pH_H20,withoutTransform,int10CVrep10,SNVplusSG1stDer,8,70,0.4528313671237943,-0.008727737340916173,0.861233731225987,0.9267997741669743,2.7107752891747614,4.283500625789338
5,pH_H20,withoutTransform,int10CVrep10,wavelet,17,70,0.5306632151018458,-0.03462281343289147,0.8264289794125639,0.9069544887196758,2.3312566437212445,3.683794570554578
5,potassium_cmolkg,logTransform,int10CVrep10,BOC,5,69,0.5454059646730554,-0.008414811454180552,0.5222432252013243,0.7185870145450799,1.4095604286221732,1.870518476786364
5,potassium_cmolkg,logTransform,int10CVrep10,raw,5,69,0.5578647551952474,-0.014469027598761708,0.5005081200759259,0.7025659618068828,1.3779065764599983,1.8285131011185125
5,potassium_cmolkg,logTransform,int10CVrep10,SG1stDer,5,69,0.5403235488483078,-0.008557482658277162,0.5410747157957981,0.7337452003426828,1.4223292838972517,1.8874630356959754
5,potassium_cmolkg,logTransform,int10CVrep10,SNV,5,69,0.5872961297171684,-0.00846546956473241,0.4714969762263359,0.6848089849916497,1.3082444058364613,1.7360698296996768
5,potassium_cmolkg,logTransform,int10CVrep10,SNVplusSG1stDer,5,69,0.5539494633087069,-0.015176036753517298,0.5254152401670047,0.7235472828659407,1.3869243527903554,1.8404798936752165
5,potassium_cmolkg,logTransform,int10CVrep10,wavelet,5,69,0.5482135738890628,-0.006482434818008128,0.5294003178549523,0.7258858659904774,1.401654264566548,1.8600268187869928
6,carbon_org_perc,logTransform,int10CVrep10,BOC,5,69,0.46079329852262463,0.013342193259164553,0.8482796420791867,0.9203494424023891,2.548025029347766,3.442826683016553
6,carbon_org_perc,logTransform,int10CVrep10,raw,10,69,0.4254320584800545,0.033765169970571114,0.8747330657927094,0.9318747286159699,2.8441604061611763,3.76506630418351
6,carbon_org_perc,logTransform,int10CVrep10,SG1stDer,8,69,0.3284380806278471,0.004957766241106951,0.9264441632390937,0.9620519310995489,3.6908152915565426,4.885858146081403
6,carbon_org_perc,logTransform,int10CVrep10,SNV,9,69,0.3983696693690612,0.0408734586513233,0.890836826094455,0.9416458745427017,3.0453577774066183,4.0314090327179235
6,carbon_org_perc,logTransform,int10CVrep10,SNVplusSG1stDer,7,69,0.34277704143695464,0.0036419267288612224,0.9193666092503939,0.9581358076496987,3.548700252286048,4.697727918083027
6,carbon_org_perc,logTransform,int10CVrep10,wavelet,7,69,0.3540990522957464,0.0043674454813718904,0.9156260213211013,0.9561056797855192,3.453848448150188,4.5721642083607055
6,clay_perc,withoutTransform,int10CVrep10,BOC,5,69,258.22233226005864,-30.68268020050734,0.08552866372918647,0.05070211861524985,0.17357969637381054,0.21434517651831977
6,clay_perc,withoutTransform,int10CVrep10,raw,10,69,9.555739558321084,0.9953574947034699,0.5525288080142822,0.727558271336773,1.2483989414961254,1.5243711039873804
6,clay_perc,withoutTransform,int10CVrep10,SG1stDer,22,69,10.278535667401526,1.112111278393877,0.5789950301886018,0.7257058378546777,1.1871459770324715,1.4495775055964208
6,clay_perc,withoutTransform,int10CVrep10,SNV,12,69,6.744239026916874,0.5968540219285287,0.7068309818552266,0.8382715221571159,1.7648051973624401,2.1549345786868392
6,clay_perc,withoutTransform,int10CVrep10,SNVplusSG1stDer,5,69,8.649669806024065,0.6592420165228504,0.5805290486908861,0.7561684032760567,1.3674055115109252,1.6696853705132741
6,clay_perc,withoutTransform,int10CVrep10,wavelet,9,69,10.385441553071665,1.2452128542212861,0.550131489131314,0.7119221560103239,1.141413293483279,1.3937351150007986
6,pH_H20,withoutTransform,int10CVrep10,BOC,5,70,0.90950357138916,0.07714086601882811,0.6368134485896462,0.7641762398918961,1.6914928212301372,2.6728554695004645
6,pH_H20,withoutTransform,int10CVrep10,raw,5,70,0.5707389754572711,-0.03273359467642908,0.7871082451731303,0.885497124059783,2.1508669232421407,3.3987471586042366
6,pH_H20,withoutTransform,int10CVrep10,SG1stDer,30,70,0.6708496429574377,-0.032849551097621034,0.7994147499401077,0.8750160621691441,1.879068254056359,2.969257567860462
6,pH_H20,withoutTransform,int10CVrep10,SNV,7,70,0.5139996090877168,-0.009182657525146427,0.8307707596350024,0.9106111297014587,2.3913616886792357,3.778771088423394
6,pH_H20,withoutTransform,int10CVrep10,SNVplusSG1stDer,6,70,0.48404501859595417,-0.021801063524372895,0.8463379853100256,0.9192397685571393,2.531435609957847,4.000112463287541
6,pH_H20,withoutTransform,int10CVrep10,wavelet,30,70,0.6697962278664149,-0.03940998289615336,0.7921262469381095,0.8734862483659219,1.8619482201121356,2.9422049101184253
6,potassium_cmolkg,logTransform,int10CVrep10,BOC,5,69,1.9799412026098826,0.23323578459767283,0.17486600860826118,0.27695589840149504,0.6302815741589729,0.82946624253837
6,potassium_cmolkg,logTransform,int10CVrep10,raw,5,69,0.5707016662248079,-0.008899916779754904,0.480612529699932,0.6884373409872522,1.3463311494259014,1.786611797364242
6,potassium_cmolkg,logTransform,int10CVrep10,SG1stDer,5,69,0.6130510007222681,-0.010660630457931143,0.4782791683470853,0.69037687529974,1.2534735346077535,1.6633876484021157
6,potassium_cmolkg,logTransform,int10CVrep10,SNV,5,69,0.5816276273871355,-0.01147907843818631,0.48150496426783596,0.6921782691438331,1.3204901402189062,1.75232019538749
6,potassium_cmolkg,logTransform,int10CVrep10,SNVplusSG1stDer,5,69,0.5990610399159473,-0.019061132200118788,0.49085987209175586,0.6999138852694912,1.282025916865797,1.70127730356372
6,potassium_cmolkg,logTransform,int10CVrep10,wavelet,5,69,0.5976230867272158,-0.009776293682264974,0.5045138485225773,0.7089191312538409,1.2856969323713516,1.7061488239272857
7,carbon_org_perc,logTransform,int10CVrep10,BOC,9,69,0.38412118483595614,0.020133919091710913,0.8972074569999098,0.9455926268893853,3.16178012918069,4.185527581295143
7,carbon_org_perc,logTransform,int10CVrep10,raw,10,69,0.4046851383960044,0.010745019904188122,0.8856185314047809,0.9382648008137515,2.9889743449961546,3.956769303881611
7,carbon_org_perc,logTransform,int10CVrep10,SG1stDer,7,69,0.29050236837605925,-0.0070889848537720205,0.9415707664739722,0.9701366672220416,4.151010793123815,5.495059572461704
7,carbon_org_perc,logTransform,int10CVrep10,SNV,10,69,0.33247846257878005,0.020572033424810784,0.9229785026681908,0.9593638454797644,3.631267855726307,4.807029946497695
7,carbon_org_perc,logTransform,int10CVrep10,SNVplusSG1stDer,7,69,0.3117227561361571,-0.005219710304141844,0.932643699450959,0.9653624878395777,3.870453102681761,5.123660580908812
7,carbon_org_perc,logTransform,int10CVrep10,wavelet,10,69,0.297913600517932,-0.005562988461418078,0.9382513863787124,0.9680810678165818,4.0481801839178315,5.35893361384087
7,clay_perc,withoutTransform,int10CVrep10,BOC,5,69,9.906870288289598,0.7736530425165147,0.4837101616819866,0.6877881810288271,1.195027126220849,1.4592008685212392
7,clay_perc,withoutTransform,int10CVrep10,raw,5,69,8.132570396636014,0.4675372350948602,0.5520285272441294,0.7378179365299435,1.4539136879958372,1.7753171201959534
7,clay_perc,withoutTransform,int10CVrep10,SG1stDer,7,69,9.29502048294875,0.9527074218634466,0.5806944182262681,0.7453628806171326,1.2791178629151017,1.5618807770576146
7,clay_perc,withoutTransform,int10CVrep10,SNV,13,69,5.965544893755711,0.38005989676204144,0.7543930517719042,0.8669028401789641,1.9947980734971156,2.435769881288493
7,clay_perc,withoutTransform,int10CVrep10,SNVplusSG1stDer,7,69,6.860945851647141,0.640936220755537,0.6953964624989318,0.8318512580458861,1.7274889185184592,2.1093691305858275
7,clay_perc,withoutTransform,int10CVrep10,wavelet,8,69,9.82382168115073,0.8984095355168819,0.5418601135670811,0.7188241065425984,1.2085570268493593,1.4757217008228147
7,pH_H20,withoutTransform,int10CVrep10,BOC,5,70,0.5045421364329412,-0.022148818145231987,0.8270078619865956,0.9067876454416651,2.420176885201385,3.8243041552282215
7,pH_H20,withoutTransform,int10CVrep10,raw,6,70,0.5194669341505771,-0.04129136213538782,0.8188198483404592,0.9024240355881442,2.3534236086193285,3.71882226480573
7,pH_H20,withoutTransform,int10CVrep10,SG1stDer,5,70,0.7535478017285523,-0.07780692581655498,0.7089009825834571,0.832238110407386,1.6261355594414442,2.569579527414918
7,pH_H20,withoutTransform,int10CVrep10,SNV,7,70,0.47787776508254076,-0.011616908477271651,0.8491517692588199,0.9208312785847451,2.567816072593442,4.0575999780544025
7,pH_H20,withoutTransform,int10CVrep10,SNVplusSG1stDer,5,70,0.4812992269979011,-0.025992425309670008,0.8484110355227258,0.9203552607397585,2.5405820278041342,4.014565408437498
7,pH_H20,withoutTransform,int10CVrep10,wavelet,5,70,0.678320618517132,-0.08161845468349119,0.73490796528321,0.8526159356476247,1.8176596103479987,2.8722211352191884
7,potassium_cmolkg,logTransform,int10CVrep10,BOC,5,69,0.5670273022941976,-0.007501353025146802,0.5061275078706046,0.7098669377283693,1.3564590149263769,1.8000517032841068
7,potassium_cmolkg,logTransform,int10CVrep10,raw,5,69,0.5601675358159991,-0.007531586610577119,0.5073427049398374,0.7097809108169189,1.3718600482236774,1.8204892217893345
7,potassium_cmolkg,logTransform,int10CVrep10,SG1stDer,5,69,0.5496253592062301,-0.014521550089462851,0.5394007658949926,0.7338476436116076,1.397204642077761,1.8541220693977554
7,potassium_cmolkg,logTransform,int10CVrep10,SNV,6,69,0.556863356610258,0.001445786619238283,0.5221863750877868,0.7209343383726479,1.3812977601534424,1.8330132783567203
7,potassium_cmolkg,logTransform,int10CVrep10,SNVplusSG1stDer,5,69,0.556195678295922,-0.024199708294290585,0.530143469155846,0.7273211619603973,1.3807036686237375,1.8322249054990192
7,potassium_cmolkg,logTransform,int10CVrep10,wavelet,5,69,0.5901089489179461,-0.039641042796908686,0.4975359050987057,0.7041061163550854,1.3017100623539613,1.7273986085377488
8,carbon_org_perc,logTransform,int10CVrep10,BOC,8,69,0.4273244470845975,0.02321039340568765,0.8739222607899738,0.933002878196558,2.8445948677625745,3.7656414393736144
8,carbon_org_perc,logTransform,int10CVrep10,raw,9,69,0.40492934636273753,-0.006258378395327337,0.8861277030871284,0.9399820832307605,2.9963257568006916,3.966501016907881
8,carbon_org_perc,logTransform,int10CVrep10,SG1stDer,7,69,0.319115915833019,-0.003542169149717315,0.9300684470568878,0.9640375095542542,3.7935317510862023,5.021832994694859
8,carbon_org_perc,logTransform,int10CVrep10,SNV,9,69,0.3413208951773662,0.0182005714188597,0.9187717850261711,0.9573480231311041,3.5454864946424625,4.693473583275656
8,carbon_org_perc,logTransform,int10CVrep10,SNVplusSG1stDer,7,69,0.33514372723848196,-0.00594652446834262,0.9223167584296788,0.9598941160463448,3.603435474668476,4.770185765747892
8,carbon_org_perc,logTransform,int10CVrep10,wavelet,7,69,0.3205040510659323,-0.0033273178558789035,0.9292177396530398,0.963565857077213,3.7781895970685797,5.001523230519739
8,clay_perc,withoutTransform,int10CVrep10,BOC,30,69,7.400452792991612,0.47511762327038076,0.7146969315396439,0.8277231926262717,1.7748504754962857,2.167200474795658
8,clay_perc,withoutTransform,int10CVrep10,raw,30,69,6.434940427221923,0.34867347817833044,0.7506979668686604,0.8579865737242797,1.934825783303563,2.362540064142512
8,clay_perc,withoutTransform,int10CVrep10,SG1stDer,29,69,8.11432050924279,1.1864124163917813,0.6989551675929492,0.8108814874161218,1.5212237750171758,1.8575068339578364
8,clay_perc,withoutTransform,int10CVrep10,SNV,23,69,6.142608840480784,0.2554001220944111,0.7630426248452278,0.8657628514638159,2.0706452346775306,2.5283838822939213
8,clay_perc,withoutTransform,int10CVrep10,SNVplusSG1stDer,28,69,5.304840617575779,0.6359448791783412,0.8155566833580149,0.8992720493444001,2.2956653395745774,2.803147128496443
8,clay_perc,withoutTransform,int10CVrep10,wavelet,8,69,8.369141092537042,0.8685441139208742,0.6553166854221806,0.7927146149160196,1.4198509611780934,1.7337244571793082
8,pH_H20,withoutTransform,int10CVrep10,BOC,5,70,0.6709787447353683,-0.02810421068733665,0.694027494531497,0.824330031836303,1.8240451991465554,2.882311486021736
8,pH_H20,withoutTransform,int10CVrep10,raw,10,70,0.5346135372718733,-0.023008648863857537,0.8210076318413939,0.9046706447160249,2.3009090398573937,3.6358400312531716
8,pH_H20,withoutTransform,int10CVrep10,SG1stDer,24,70,0.5230449611237287,-0.0011111436860988646,0.8454730066110245,0.9142699756162699,2.3864140743661317,3.7709529896341
8,pH_H20,withoutTransform,int10CVrep10,SNV,9,70,0.4801203581069157,-1.5294017297601963e-5,0.8501277077545942,0.920702267921169,2.562690522845139,4.049500710054562
8,pH_H20,withoutTransform,int10CVrep10,SNVplusSG1stDer,16,70,0.4471230745292321,0.025731387219806643,0.8826163760485614,0.9364956322139109,2.7335335027797107,4.319462596745744
8,pH_H20,withoutTransform,int10CVrep10,wavelet,24,70,0.5497249593444895,-0.004848880053718272,0.8362331604493838,0.9075085255455024,2.247780490577826,3.5518876007455185
8,potassium_cmolkg,logTransform,int10CVrep10,BOC,5,69,0.5800090301870647,-0.018600866175877716,0.4974276952292787,0.704354095670569,1.325021102406048,1.7583328843907944
8,potassium_cmolkg,logTransform,int10CVrep10,raw,5,69,0.5421900916559943,-0.015455973369970993,0.5215044293426306,0.7163117485169428,1.4172658799452686,1.8807437844632522
8,potassium_cmolkg,logTransform,int10CVrep10,SG1stDer,5,69,0.5586928687165152,-0.009846637751416072,0.5345311496041655,0.7307604823488405,1.3746149942315924,1.8241450972705946
8,potassium_cmolkg,logTransform,int10CVrep10,SNV,5,69,0.5483518629964866,-0.019801237692397205,0.5194631444629508,0.716988292203034,1.4010805521704826,1.8592654894992156
8,potassium_cmolkg,logTransform,int10CVrep10,SNVplusSG1stDer,5,69,0.5580983348080448,-0.01664194460584846,0.5328487439394449,0.729553883560845,1.3759797627650472,1.8259561758923595
8,potassium_cmolkg,logTransform,int10CVrep10,wavelet,5,69,0.5552063106108909,-0.008051168009297519,0.5491118379485256,0.7405421027595394,1.3834824567451118,1.83591242000252
9,carbon_org_perc,logTransform,int10CVrep10,BOC,23,69,0.39499061010791464,-0.002246349165756209,0.8987566398186553,0.9466098014068163,3.0752734771696497,4.071011086420613
9,carbon_org_perc,logTransform,int10CVrep10,raw,22,69,0.3855565037228312,-0.00715861663358965,0.9046402372455778,0.9497098409939567,3.144722921244491,4.162947448787527
9,carbon_org_perc,logTransform,int10CVrep10,SG1stDer,17,69,0.3983638800371231,-0.020549150427010936,0.8992545528287698,0.9468674481090146,3.037017827189422,4.020368704094645
9,carbon_org_perc,logTransform,int10CVrep10,SNV,22,69,0.32559078360930166,0.009862331586878404,0.9259905696171498,0.9617408080862303,3.7520420858152925,4.9669094607250575
9,carbon_org_perc,logTransform,int10CVrep10,SNVplusSG1stDer,11,69,0.3210953230974198,-4.724255038857126e-4,0.9286299091826953,0.9633309553508648,3.7659839120590233,4.985365487359611
9,carbon_org_perc,logTransform,int10CVrep10,wavelet,8,69,0.40013934036171256,-0.013549527775748513,0.8939730113770138,0.9450964032282835,3.015122880469272,3.991384429526533
9,clay_perc,withoutTransform,int10CVrep10,BOC,12,69,8.175671963560216,0.43304470834557485,0.5803355510650215,0.7601211143389695,1.448987986478157,1.769302538790253
9,clay_perc,withoutTransform,int10CVrep10,raw,5,69,8.99832182881936,0.534696503191945,0.4635152959605753,0.6758172710891484,1.3118006573514547,1.6017884586330486
9,clay_perc,withoutTransform,int10CVrep10,SG1stDer,14,69,7.663235098514627,0.5719411152624794,0.6694239501488184,0.8103521529001324,1.559383854143754,1.9041026135703336
9,clay_perc,withoutTransform,int10CVrep10,SNV,15,69,7.299443972439561,0.0713341320612064,0.6604460273173327,0.8098709699583775,1.636248254439667,1.9979587254603262
9,clay_perc,withoutTransform,int10CVrep10,SNVplusSG1stDer,17,69,6.543690570051608,0.6288942195784021,0.7251431688717296,0.8483084079964673,1.8230651134753901,2.226073482839447
9,clay_perc,withoutTransform,int10CVrep10,wavelet,8,69,7.429121577595527,0.7945748262326476,0.6503913551284933,0.8038435151173815,1.5912556600527548,1.9430200287848558
9,pH_H20,withoutTransform,int10CVrep10,BOC,23,70,0.44366294403239837,-0.0033479728673139583,0.8762450357499496,0.9342596323670966,2.7620573195796103,4.3645352324600335
9,pH_H20,withoutTransform,int10CVrep10,raw,12,70,0.4543192995760351,-0.0037390435439684957,0.8650989597943498,0.9297564973895306,2.694006779584439,4.2570034382096305
9,pH_H20,withoutTransform,int10CVrep10,SG1stDer,13,70,0.3658877037435577,-0.020951142880156395,0.9125829146330116,0.9544936228722112,3.343152229953769,5.282767157537257
9,pH_H20,withoutTransform,int10CVrep10,SNV,21,70,0.4413991638886189,0.018022773066381104,0.8814925120131633,0.9362981951256201,2.796894742887177,4.41958447432629
9,pH_H20,withoutTransform,int10CVrep10,SNVplusSG1stDer,15,70,0.3318328967488969,-0.006716654657431254,0.9268121833380457,0.9621997587300624,3.681622590249054,5.817609719340809
9,pH_H20,withoutTransform,int10CVrep10,wavelet,14,70,0.374690183144583,-0.010565642387397182,0.9076079703361977,0.9520902329561987,3.2679480408573114,5.163931342431858
9,potassium_cmolkg,logTransform,int10CVrep10,BOC,8,69,0.5474323865315078,-0.015423681457600877,0.5175782178542235,0.7147095919245601,1.4033038385007113,1.8622158405983482
9,potassium_cmolkg,logTransform,int10CVrep10,raw,7,69,0.5487237648840328,-0.015255182126594964,0.5156465458436671,0.7136618978344269,1.4005600031174468,1.8585747091665634
9,potassium_cmolkg,logTransform,int10CVrep10,SG1stDer,5,69,0.5095998798707876,-0.029355651731449623,0.5977277251102171,0.7703274969737257,1.5178575718014078,2.014231228071492
9,potassium_cmolkg,logTransform,int10CVrep10,SNV,6,69,0.48373769625266627,0.007401496449284887,0.6128899093023421,0.7782561230798344,1.5881335894887987,2.107489088387366
9,potassium_cmolkg,logTransform,int10CVrep10,SNVplusSG1stDer,7,69,0.5137649802232752,-0.020762825814070338,0.5933163004680195,0.7670573116963562,1.5107353965817631,2.0047799409377594
9,potassium_cmolkg,logTransform,int10CVrep10,wavelet,5,69,0.5186431923672861,-0.029303886446591407,0.5901597716513698,0.7646782837877719,1.4980794361563663,1.9879851960396482
10,carbon_org_perc,logTransform,int10CVrep10,BOC,10,69,0.4690767797234085,-0.01038807077971696,0.8749420198938117,0.9292038481067123,2.6359461056493934,3.489434646697582
10,carbon_org_perc,logTransform,int10CVrep10,raw,12,69,0.3682387196355615,0.010861721264710907,0.9053567742638322,0.9503701524045439,3.2856595928349974,4.3495177674234595
10,carbon_org_perc,logTransform,int10CVrep10,SG1stDer,8,69,0.32786038892389335,0.01566666254162621,0.9254295487595958,0.9609190443525786,3.6789749305294275,4.870184014539459
10,carbon_org_perc,logTransform,int10CVrep10,SNV,10,69,0.34137293538499286,0.028345999624591875,0.9194668435118011,0.9580080888370837,3.543014824786882,4.6902016156088
10,carbon_org_perc,logTransform,int10CVrep10,SNVplusSG1stDer,9,69,0.33566007446976925,0.00349697778464095,0.921726920681469,0.9595121735851213,3.594672740360451,4.75858576048652
10,carbon_org_perc,logTransform,int10CVrep10,wavelet,8,69,0.3359584971536178,0.016219958608100656,0.9217844568900044,0.9590135708533423,3.5912304172073917,4.754028853329097
10,clay_perc,withoutTransform,int10CVrep10,BOC,6,69,5.993674138685659,0.1259783009072776,0.7448305036104517,0.8592722837837319,1.9734036807428639,2.409646025349578
10,clay_perc,withoutTransform,int10CVrep10,raw,5,69,7.152501730078739,0.34012080494947516,0.6386275119659192,0.7918805029136639,1.6554884068278037,2.0214521227725992
10,clay_perc,withoutTransform,int10CVrep10,SG1stDer,22,69,6.642601151380571,0.7191816701311374,0.7420323535339802,0.8511820405303473,1.8716091186767736,2.2853486683119044
10,clay_perc,withoutTransform,int10CVrep10,SNV,23,69,7.252662452290599,0.30778741376580726,0.6968696232351977,0.8258518318885579,1.6856143339795056,2.0582377137439014
10,clay_perc,withoutTransform,int10CVrep10,SNVplusSG1stDer,21,69,5.95999208996896,0.6682125668539434,0.7770537583241035,0.8774489942731845,1.9994437311524522,2.441442512090571
10,clay_perc,withoutTransform,int10CVrep10,wavelet,21,69,6.3415961132441625,0.8844763191578772,0.772813856642427,0.8676194341530684,1.9711842554058576,2.406935971905336
10,pH_H20,withoutTransform,int10CVrep10,BOC,5,70,0.5518576992518472,-0.02998242686714227,0.7936185557848668,0.8873856663189107,2.211019732906752,3.4937991530909462
10,pH_H20,withoutTransform,int10CVrep10,raw,11,70,0.5428619285116856,-0.011750397841835826,0.832223053157928,0.907912383438303,2.2641344459076156,3.5777297198503484
10,pH_H20,withoutTransform,int10CVrep10,SG1stDer,20,70,0.5903591908826084,0.044665190384300585,0.8309174667113455,0.8983868931291201,2.116312038476535,3.344144377212271
10,pH_H20,withoutTransform,int10CVrep10,SNV,7,70,0.46685483462335536,0.01782461879452537,0.8556487398182197,0.9238653720939215,2.639579424899337,4.170998667255462
10,pH_H20,withoutTransform,int10CVrep10,SNVplusSG1stDer,5,70,0.4662272008833136,-0.017471404401029837,0.8550033945107466,0.9239147739344231,2.6241954801472622,4.146689335074453
10,pH_H20,withoutTransform,int10CVrep10,wavelet,18,70,0.5594582523495583,0.05176840756454692,0.8397178206219696,0.906578302471249,2.204963546092246,3.4842293152244768
10,potassium_cmolkg,logTransform,int10CVrep10,BOC,5,69,0.53263800960254,3.7150969088561826e-4,0.5363934735885566,0.726670238749181,1.443057666167283,1.9149700664288716
10,potassium_cmolkg,logTransform,int10CVrep10,raw,5,69,0.5616677881545789,-0.013255760540881569,0.49587889963800763,0.6993690857145072,1.369437018371358,1.8172738065318286
10,potassium_cmolkg,logTransform,int10CVrep10,SG1stDer,5,69,0.5279329402623314,5.270170648869192e-5,0.5620550606325478,0.7485912819473995,1.4550957267990645,1.9309448443661554
10,potassium_cmolkg,logTransform,int10CVrep10,SNV,5,69,0.575035593878359,-0.002080296312914877,0.48799429224317203,0.6965475597513454,1.3365888021264207,1.7736834827911934
10,potassium_cmolkg,logTransform,int10CVrep10,SNVplusSG1stDer,5,69,0.5338771725673103,-0.006188800710447476,0.5532695536135687,0.742634451288361,1.4384234032663397,1.9088202950487447
10,potassium_cmolkg,logTransform,int10CVrep10,wavelet,5,69,0.5232107352448243,0.0042872567521168225,0.573902271321383,0.7570023090062289,1.468158841402789,1.9482798920409325
11,carbon_org_perc,logTransform,int10CVrep10,BOC,8,69,0.4616376925045883,0.035641198709157385,0.8525371607009075,0.918721785045556,2.6224411823655074,3.4715569870949117
11,carbon_org_perc,logTransform,int10CVrep10,raw,20,69,0.336500916028516,-0.015315796398858827,0.9210122832525992,0.9590537442563524,3.5875775044770823,4.749193170150604
11,carbon_org_perc,logTransform,int10CVrep10,SG1stDer,7,69,0.33649508320114335,-0.01644612278893812,0.9212349885492588,0.9581715313331551,3.579938597916475,4.739080874926381
11,carbon_org_perc,logTransform,int10CVrep10,SNV,18,69,0.3230966015292658,-0.005886242630185844,0.9291944576958342,0.9636794176556791,3.7383067166450146,4.948726739551348
11,carbon_org_perc,logTransform,int10CVrep10,SNVplusSG1stDer,7,69,0.3553101335944649,-0.0069193657305137634,0.9122527639477692,0.9526754195490234,3.390229259235981,4.487945869633578
11,carbon_org_perc,logTransform,int10CVrep10,wavelet,7,69,0.3830826595950025,-0.006032849171637102,0.8974412917934301,0.9458765788672368,3.1477801680040702,4.166994596315891
11,clay_perc,withoutTransform,int10CVrep10,BOC,11,69,8.8185045904857855,0.9765941467150853,0.6373636797697133,0.7758021761704628,1.3911141784121783,1.6986350960673666
11,clay_perc,withoutTransform,int10CVrep10,raw,11,69,8.36369668656241,0.9569094780130185,0.6625874138489761,0.794611752639101,1.4439846838046855,1.763193201649353
11,clay_perc,withoutTransform,int10CVrep10,SG1stDer,9,69,6.377803649590414,0.3720542923089979,0.7312883012773864,0.854405837296114,1.8510118425283038,2.260198140273209
11,clay_perc,withoutTransform,int10CVrep10,SNV,14,69,6.373908354278457,0.686881872444656,0.7453849842014758,0.8597126117826398,1.864705008367765,2.276918329336143
11,clay_perc,withoutTransform,int10CVrep10,SNVplusSG1stDer,9,69,5.6379775702599835,0.20534603639513427,0.7744567353187126,0.8786556104071808,2.094778889056833,2.55785254342987
11,clay_perc,withoutTransform,int10CVrep10,wavelet,9,69,7.562428599210317,0.42952569821820746,0.6393694998109476,0.7982669496118343,1.5620180005493791,1.907319066685549
11,pH_H20,withoutTransform,int10CVrep10,BOC,5,70,0.6758758592977195,-0.06272780571644249,0.7120360735662643,0.8422521426032257,1.807341059335606,2.85591601398862
11,pH_H20,withoutTransform,int10CVrep10,raw,5,70,0.7116618149896946,-0.06053935132325184,0.7028272222817178,0.8357993940241972,1.7160555955262928,2.711668963001335
11,pH_H20,withoutTransform,int10CVrep10,SG1stDer,9,70,0.73513363088141,-0.0656051804963446,0.7212604257876836,0.8397515555256219,1.6750963079107166,2.6469461013042235
11,pH_H20,withoutTransform,int10CVrep10,SNV,6,70,0.45013421314107627,-0.020561400934657713,0.8626030997852782,0.9270041957546806,2.712079384619453,4.285561325425982
11,pH_H20,withoutTransform,int10CVrep10,SNVplusSG1stDer,9,70,0.4361646695671851,0.0013987023212049849,0.8705545760412103,0.931796119598268,2.80810110010603,4.437292485149417
11,pH_H20,withoutTransform,int10CVrep10,wavelet,9,70,0.6718182279497316,-0.07337199668164432,0.7407898318948207,0.8567825418415813,1.8179432580814063,2.872669348410598
11,potassium_cmolkg,logTransform,int10CVrep10,BOC,7,69,0.4549356231175673,0.01557869373327913,0.6615903766315612,0.8116156813445998,1.6887393271992346,2.240995171161016
11,potassium_cmolkg,logTransform,int10CVrep10,raw,5,69,0.46664093663261436,-3.5296471567321784e-4,0.633965769155528,0.790503468419135,1.6461948661252064,2.1845377118652287
11,potassium_cmolkg,logTransform,int10CVrep10,SG1stDer,5,69,0.50055336329634,0.006175382131607652,0.5986898884503042,0.7722142978354231,1.5342095076917766,2.0359306157622057
11,potassium_cmolkg,logTransform,int10CVrep10,SNV,5,69,0.482164992019632,0.00498803156397181,0.612452338257555,0.7774818871401039,1.5925217272650947,2.1133122461765423
11,potassium_cmolkg,logTransform,int10CVrep10,SNVplusSG1stDer,5,69,0.4787607067329101,-0.006446824333329197,0.6221120072105085,0.7853477590408906,1.6038374265836428,2.128328434360679
11,potassium_cmolkg,logTransform,int10CVrep10,wavelet,12,69,0.5096648999673138,0.004320334245686585,0.6056312445930889,0.7776592868029294,1.5088049853880154,2.0022182417495737
12,carbon_org_perc,logTransform,int10CVrep10,BOC,8,69,0.37823874104815264,0.00968621970836977,0.9016626229964301,0.949223691209671,3.1912446379251302,4.224532353600776
12,carbon_org_perc,logTransform,int10CVrep10,raw,10,69,0.3618356432393833,0.012062058422842496,0.9086806381890943,0.9515080277282227,3.3331915797337457,4.412440056143777
12,carbon_org_perc,logTransform,int10CVrep10,SG1stDer,6,69,0.33153481321732425,0.012131924880574591,0.9234204924690981,0.9601877040914566,3.6367121495224084,4.8142370389940865
12,carbon_org_perc,logTransform,int10CVrep10,SNV,9,69,0.35997202675672396,0.013525421844145883,0.9096708983734979,0.9525012736532772,3.349407511691799,4.433906517344045
12,carbon_org_perc,logTransform,int10CVrep10,SNVplusSG1stDer,7,69,0.3527334163884558,0.01637242868747619,0.9134962596834503,0.9540705872953386,3.4183599275950023,4.525184919626425
12,carbon_org_perc,logTransform,int10CVrep10,wavelet,6,69,0.3901595544057008,0.013754130775977166,0.893800277661998,0.9431306128725077,3.0890260393378157,4.089216567483982
12,clay_perc,withoutTransform,int10CVrep10,BOC,11,69,5.967828365228504,-0.25807557829159783,0.75051628422711,0.8631371222614566,1.987754899530592,2.4271697371213903
12,clay_perc,withoutTransform,int10CVrep10,raw,7,69,8.543356087474193,0.709831754479326,0.57494516229076,0.7535791608292193,1.3885772506545293,1.6955373528395254
12,clay_perc,withoutTransform,int10CVrep10,SG1stDer,15,69,9.4503544963846835,0.5787150769150939,0.5241666484279842,0.7160539172760029,1.2582263462460523,1.5363709634313683
12,clay_perc,withoutTransform,int10CVrep10,SNV,12,69,7.471205464153222,0.44132939415720146,0.6657332649145024,0.811432162065656,1.5985944782513781,1.9519811725567267
12,clay_perc,withoutTransform,int10CVrep10,SNVplusSG1stDer,5,69,7.2053455611059185,0.45172519286596113,0.6411509532776759,0.7980686537659263,1.6383959119448281,2.000581146013011
12,clay_perc,withoutTransform,int10CVrep10,wavelet,13,69,9.586208434518833,0.7279224645409874,0.49480195966008167,0.6973978058444251,1.2366537426472475,1.51002950120265
12,pH_H20,withoutTransform,int10CVrep10,BOC,5,70,0.96147655622086,-0.09234479289426958,0.5680340816169638,0.7347418714068562,1.3305670561164786,2.102529427758175
12,pH_H20,withoutTransform,int10CVrep10,raw,18,70,0.5146119927675481,0.05190379775208679,0.8265602255462668,0.9073142761215822,2.376833995132787,3.7558147833965636
12,pH_H20,withoutTransform,int10CVrep10,SG1stDer,13,70,0.46416920176271675,-0.01838154138967048,0.8537793353627677,0.9216558824137681,2.6383377426590258,4.169036591433595
12,pH_H20,withoutTransform,int10CVrep10,SNV,17,70,0.4662111341012239,0.032311330382241085,0.8605181029109511,0.9266140232525101,2.624755258706421,4.147573883424158
12,pH_H20,withoutTransform,int10CVrep10,SNVplusSG1stDer,11,70,0.4848133448504664,-0.0029399037671358173,0.8393977454108081,0.9118513834969459,2.5187858994662595,3.9801237010234196
12,pH_H20,withoutTransform,int10CVrep10,wavelet,12,70,0.6281070060510205,-0.03254122178310754,0.7347250538558715,0.8528782431249741,1.9487794622202204,3.0794135092204464
12,potassium_cmolkg,logTransform,int10CVrep10,BOC,5,69,0.5374089943729042,0.0021619063957675883,0.5467082127263749,0.737734877523742,1.4305420059572946,1.8983615030806178
12,potassium_cmolkg,logTransform,int10CVrep10,raw,7,69,0.5045130005733369,0.004634867067608438,0.5811667095701345,0.7573021794167143,1.522923592114825,2.0209539512748416
12,potassium_cmolkg,logTransform,int10CVrep10,SG1stDer,7,69,0.4848236189265983,0.026186946575282404,0.6115326155525602,0.7769838866663714,1.5847521426527782,2.103001832178542
12,potassium_cmolkg,logTransform,int10CVrep10,SNV,5,69,0.5375451934578247,-0.010137554735320456,0.5316684968996646,0.7242188622900664,1.429352929525527,1.8967835718399495
12,potassium_cmolkg,logTransform,int10CVrep10,SNVplusSG1stDer,7,69,0.48635296808927575,0.015587585701937173,0.6041940685269762,0.7703765414617496,1.5797632901905543,2.096381512453993
12,potassium_cmolkg,logTransform,int10CVrep10,wavelet,8,69,0.4946399596742549,0.01872652441514607,0.5890670401692127,0.7583446102160668,1.555502947313277,2.064187490343514
13,carbon_org_perc,logTransform,int10CVrep10,BOC,16,69,0.5236099714369223,-0.00633850611986229,0.8179181356263562,0.903797061973594,2.30688766297345,3.053830926196283
13,carbon_org_perc,logTransform,int10CVrep10,raw,11,69,0.5498349427928126,0.0016542310556076434,0.7932284830650952,0.8896544788260344,2.2017044462274082,2.9145906132103248
13,carbon_org_perc,logTransform,int10CVrep10,SG1stDer,15,69,0.4821278318062345,-0.012139103910441755,0.8428127577639286,0.9176148210218823,2.5027118484518693,3.3130606942121155
13,carbon_org_perc,logTransform,int10CVrep10,SNV,8,69,0.525755908220329,-0.015081484110988934,0.8128477217471327,0.9011063168890904,2.292801925670942,3.0351843917840995
13,carbon_org_perc,logTransform,int10CVrep10,SNVplusSG1stDer,15,69,0.4981737717498445,-0.014804240950364334,0.8277518555067266,0.9080101149865705,2.4274344623901407,3.2134093703577866
13,carbon_org_perc,logTransform,int10CVrep10,wavelet,14,69,0.46153067677137505,-2.6805687359582244e-4,0.8534739013193386,0.9231502288601199,2.6187798634918535,3.4667101759621066
13,clay_perc,withoutTransform,int10CVrep10,BOC,17,69,9.758614961329057,-0.6806571428322356,0.4707494862479963,0.6802795027991798,1.2177450807161676,1.4869408739179606
13,clay_perc,withoutTransform,int10CVrep10,raw,16,69,9.688697263971244,-0.37801768585520273,0.4705292805219914,0.6818002107437153,1.2248507066974246,1.4956172757968258
13,clay_perc,withoutTransform,int10CVrep10,SG1stDer,5,69,10.032358980868091,0.2264352761516103,0.42683820096154323,0.6511430447411775,1.1800253598388541,1.4408827985346722
13,clay_perc,withoutTransform,int10CVrep10,SNV,6,69,9.932758711772252,0.4122004962121891,0.3954056563035745,0.6255488933723687,1.1928359082629334,1.4565252580039942
13,clay_perc,withoutTransform,int10CVrep10,SNVplusSG1stDer,30,69,10.434594706824637,-0.4052589632489314,0.487196531167061,0.680466008147433,1.1622044355995649,1.4191223651878093
13,clay_perc,withoutTransform,int10CVrep10,wavelet,5,69,10.410630478942958,0.4827912591830886,0.42720913584835535,0.6483644141717765,1.135557727809144,1.386585112854486
13,pH_H20,withoutTransform,int10CVrep10,BOC,11,70,0.6134556855060577,0.005308917028897657,0.7519428082735553,0.8658454712884893,1.9880092206961177,3.141403411390548
13,pH_H20,withoutTransform,int10CVrep10,raw,11,70,0.6584767658243574,-0.027734712608636983,0.7182444097565082,0.846324232892143,1.8539656394592323,2.929591031956457
13,pH_H20,withoutTransform,int10CVrep10,SG1stDer,9,70,0.6029230273291136,-0.04486808056421541,0.7655684169605157,0.8736104194424307,2.0256626527999693,3.200902441289505
13,pH_H20,withoutTransform,int10CVrep10,SNV,10,70,0.5883332576640878,-0.01277654891385048,0.7657411623307232,0.871918827136062,2.077302361399821,3.2825022422713057
13,pH_H20,withoutTransform,int10CVrep10,SNVplusSG1stDer,8,70,0.5075860307987867,-0.019852856383972956,0.8256451811039701,0.9057836901115349,2.405234011510621,3.8006917927203117
13,pH_H20,withoutTransform,int10CVrep10,wavelet,8,70,0.6843500368918733,-0.07147212398286291,0.7091146786922251,0.840057042763508,1.7837549499777572,2.8186458224689686
13,potassium_cmolkg,logTransform,int10CVrep10,BOC,5,69,0.554411598123562,-0.0023911555421804965,0.4934190804013595,0.6920804629127638,1.3861860553810263,1.8395001563631639
13,potassium_cmolkg,logTransform,int10CVrep10,raw,11,69,0.6428397825348062,-0.0063303832908937945,0.4520395010461519,0.6695206295860775,1.1968987462083918,1.5883116283376715
13,potassium_cmolkg,logTransform,int10CVrep10,SG1stDer,5,69,0.5492223077481657,-0.006518128782612172,0.5297999077241916,0.7259770661500825,1.3995556596535312,1.8572419227402803
13,potassium_cmolkg,logTransform,int10CVrep10,SNV,11,69,0.528968278201599,-0.005302114785513329,0.5710576374126398,0.755067863332712,1.454061330161829,1.929572176701126
13,potassium_cmolkg,logTransform,int10CVrep10,SNVplusSG1stDer,14,69,0.5051245283925985,-0.017870602159314585,0.6010986580902761,0.7740161175259388,1.5257022542824468,2.0246412986348727
13,potassium_cmolkg,logTransform,int10CVrep10,wavelet,11,69,0.4869914105013064,0.0019271125411708394,0.6313594196928808,0.7941697290160595,1.578653909235682,2.094909338908435
14,carbon_org_perc,logTransform,int10CVrep10,BOC,11,69,0.5464233277609682,0.03680873986857705,0.7891112010945132,0.8803496883533728,2.404412331375266,3.1829329423944297
14,carbon_org_perc,logTransform,int10CVrep10,raw,10,69,0.3934580856730868,0.004010677194406318,0.8925823159141405,0.943615015785645,3.0684484226573674,4.061976159025962
14,carbon_org_perc,logTransform,int10CVrep10,SG1stDer,9,69,0.3270976479356035,-0.01996144069138025,0.9280204288680768,0.9628340867159471,3.694111153183756,4.8902211691826984
14,carbon_org_perc,logTransform,int10CVrep10,SNV,10,69,0.3425938565324571,0.0404825090946043,0.9189685126913486,0.9568068312403593,3.529701561685598,4.672577673515804
14,carbon_org_perc,logTransform,int10CVrep10,SNVplusSG1stDer,7,69,0.32305926437060445,0.001804353169491152,0.9275793023057075,0.9625106572598593,3.744757921138958,4.9572667686611425
14,carbon_org_perc,logTransform,int10CVrep10,wavelet,7,69,0.3189834427895747,-0.008044384782334355,0.9305538796620176,0.9643170038364457,3.7980338645459946,5.027792839873898
14,clay_perc,withoutTransform,int10CVrep10,BOC,5,69,10.760279251125759,1.174242309474894,0.4703430742369395,0.6670272622544804,1.1074729300314732,1.3522918651028468
14,clay_perc,withoutTransform,int10CVrep10,raw,6,69,9.183471387313721,0.979200771577506,0.5286220592199873,0.7207573823852921,1.2898430319567515,1.5749768613532948
14,clay_perc,withoutTransform,int10CVrep10,SG1stDer,8,69,8.015132067486267,0.892964923486061,0.6593342378489263,0.8002117291065424,1.4881212390560719,1.8170866224288713
14,clay_perc,withoutTransform,int10CVrep10,SNV,12,69,6.328800709349829,0.38809858459067065,0.7448380509652255,0.8588263818604276,1.913423217965915,2.3364062289817635
14,clay_perc,withoutTransform,int10CVrep10,SNVplusSG1stDer,8,69,6.8251180903293465,0.5289375780363034,0.6992700206863188,0.8344718292158801,1.73443794805165,2.117854318668778
14,clay_perc,withoutTransform,int10CVrep10,wavelet,8,69,8.719674506422175,0.9105223011290468,0.6205266803596194,0.7727115888856503,1.3577851603460853,1.6579383361010869
14,pH_H20,withoutTransform,int10CVrep10,BOC,5,70,0.5232790671944975,-0.006566477008270739,0.8133971875012566,0.8947202276649301,2.3322268666292025,3.6853276929974417
14,pH_H20,withoutTransform,int10CVrep10,raw,10,70,0.4722398355375627,-0.022682110513998502,0.8533064729136233,0.9229121588180389,2.5946307810098754,4.099971922619796
14,pH_H20,withoutTransform,int10CVrep10,SG1stDer,11,70,0.6056537646517579,-0.06184209892001526,0.8111711969945179,0.8902887839112062,2.0729223006056605,3.275580977632475
14,pH_H20,withoutTransform,int10CVrep10,SNV,9,70,0.46789719497534665,-0.005620851819866884,0.8636203212482859,0.9275402091253714,2.637962573147024,4.168443757772371
14,pH_H20,withoutTransform,int10CVrep10,SNVplusSG1stDer,10,70,0.41230543164829586,-0.008542085391856882,0.8905371044043382,0.943103598918072,2.9660940213354876,4.6869490242433285
14,pH_H20,withoutTransform,int10CVrep10,wavelet,11,70,0.4859633475449009,-0.04230219496158342,0.8606588401213258,0.9241214377186322,2.5575107798070476,4.041315807147377
14,potassium_cmolkg,logTransform,int10CVrep10,BOC,11,69,0.5846872793710707,0.05001323311743732,0.5692327669582599,0.7406648079939603,1.388485527021967,1.8425516070877208
14,potassium_cmolkg,logTransform,int10CVrep10,raw,5,69,0.5385800528692426,-0.01230508007455299,0.5311581356659528,0.7245781275190315,1.4265066944564548,1.8930065537158094
14,potassium_cmolkg,logTransform,int10CVrep10,SG1stDer,7,69,0.5496303977188994,-0.02404059447549912,0.5500383748050913,0.7409841057561626,1.3971261453154014,1.8540179024238674
14,potassium_cmolkg,logTransform,int10CVrep10,SNV,5,69,0.5436681437036002,-0.013866562317459202,0.5255865243628813,0.7212960911192972,1.4128428478916466,1.8748743211811385
14,potassium_cmolkg,logTransform,int10CVrep10,SNVplusSG1stDer,7,69,0.535617515797827,-0.027734258722131266,0.5646269063488899,0.7505957585255442,1.4336890913305569,1.9025377563431087
14,potassium_cmolkg,logTransform,int10CVrep10,wavelet,21,69,0.5246021969321785,-0.01507169027370323,0.6213705333552073,0.7843904599821867,1.4679425933722972,1.9479929260277058
15,carbon_org_perc,logTransform,int10CVrep10,BOC,5,69,0.5577019364323585,0.054609644950383916,0.7845981200827263,0.8799445394344466,2.163906344415095,2.8645539278013885
15,carbon_org_perc,logTransform,int10CVrep10,raw,10,69,0.4169298692565942,0.018621487916591753,0.8787772318717676,0.9344685429925612,2.897434088065065,3.8355893816448288
15,carbon_org_perc,logTransform,int10CVrep10,SG1stDer,9,69,0.32129427571936553,0.01799737601799551,0.9287691772839688,0.9626785198339638,3.7715036398272836,4.992672438466702
15,carbon_org_perc,logTransform,int10CVrep10,SNV,9,69,0.3570754156499033,0.02538237463343607,0.9114967966785963,0.9531069830369575,3.384759128616096,4.480704574651834
15,carbon_org_perc,logTransform,int10CVrep10,SNVplusSG1stDer,9,69,0.32453044490067295,0.011439445165109958,0.9267711799197865,0.9619052780426858,3.7299449429092255,4.937657521209223
15,carbon_org_perc,logTransform,int10CVrep10,wavelet,9,69,0.31623046727866866,0.018301500049119197,0.9310152161497289,0.9637348865774459,3.8263737446819728,5.065308841971891
15,clay_perc,withoutTransform,int10CVrep10,BOC,10,69,9.537929518009769,0.9114127891321623,0.5577211821903385,0.7300124690291795,1.2602844587819582,1.5388840441255325
15,clay_perc,withoutTransform,int10CVrep10,raw,6,69,8.742501195837443,0.8408640405317457,0.543420694716521,0.729632143039366,1.3772603649055353,1.6817187464233594
15,clay_perc,withoutTransform,int10CVrep10,SG1stDer,7,69,6.885090643053219,0.7620848947585779,0.7104421609569936,0.8386630950397619,1.724260233550869,2.105426709693853
15,clay_perc,withoutTransform,int10CVrep10,SNV,22,69,4.836037852416819,0.2716556691121748,0.8346705465996608,0.9114790418705483,2.5246888900259963,3.0827988254310337
15,clay_perc,withoutTransform,int10CVrep10,SNVplusSG1stDer,7,69,6.086128751271958,0.619575027235397,0.7476104852774133,0.8628031099965856,1.9444483420915317,2.3742897941969288
15,clay_perc,withoutTransform,int10CVrep10,wavelet,7,69,7.071632104461265,0.8350424457385542,0.6979905976643275,0.8309008333036265,1.673934768647979,2.0439762534793045
15,pH_H20,withoutTransform,int10CVrep10,BOC,5,70,0.477125958004702,-0.017236776327588927,0.8448910169550468,0.9170981716780876,2.5605862116544786,4.046175529122729
15,pH_H20,withoutTransform,int10CVrep10,raw,25,70,0.5142424874996332,0.014135364022055872,0.8713230511747767,0.9205187720171506,2.5336153365517355,4.003556813789871
15,pH_H20,withoutTransform,int10CVrep10,SG1stDer,6,70,0.5472810307178978,-0.05450461329635022,0.8198174286215123,0.9028230124598102,2.2431977985338394,3.5446461431755725
15,pH_H20,withoutTransform,int10CVrep10,SNV,9,70,0.44903303023699354,-0.0024158058924014414,0.8731304346666442,0.9321785844717735,2.7817243222913155,4.395612547779901
15,pH_H20,withoutTransform,int10CVrep10,SNVplusSG1stDer,6,70,0.3768023161599569,-0.016048367210652944,0.903628150077556,0.9494037971945735,3.242899148463146,5.124349697035349
15,pH_H20,withoutTransform,int10CVrep10,wavelet,7,70,0.5492258313809077,-0.05694507941389128,0.8206494027005564,0.9019315115449671,2.2732200383315186,3.592086550159696
15,potassium_cmolkg,logTransform,int10CVrep10,BOC,6,69,0.5251471867272408,-0.007206461530607988,0.5623167707073288,0.7476519829264111,1.4647293060442803,1.9437288212782884
15,potassium_cmolkg,logTransform,int10CVrep10,raw,5,69,0.5297913038921075,-0.014721187494531584,0.5502260044607937,0.7388114162455529,1.4503309864790455,1.9246219265084255
15,potassium_cmolkg,logTransform,int10CVrep10,SG1stDer,5,69,0.5749014789381076,-0.012408388134737533,0.5142927227322253,0.7166348695764098,1.3362469430198125,1.7732298280472152
15,potassium_cmolkg,logTransform,int10CVrep10,SNV,6,69,0.5771572323619764,-0.003390009168587248,0.5042767009124228,0.7093883795949593,1.3314768980616536,1.766899870815045
15,potassium_cmolkg,logTransform,int10CVrep10,SNVplusSG1stDer,5,69,0.58140325710522,-0.01972863329295405,0.507653710788731,0.7120762858410485,1.3206891887685175,1.7525843373017103
15,potassium_cmolkg,logTransform,int10CVrep10,wavelet,7,69,0.558121726473584,-0.01016021587151464,0.5331405570052278,0.7293425128981563,1.37843634900159,1.829216121228484
16,carbon_org_perc,logTransform,int10CVrep10,BOC,19,69,0.33972280215762923,-0.01227085194303262,0.9101034095998932,0.9534759514046617,3.30731697062841,4.633016390605749
16,carbon_org_perc,logTransform,int10CVrep10,raw,15,69,0.348672318750477,-0.00683180492294074,0.9167450276023241,0.956954342157806,3.47752408491568,4.603505739598797
16,carbon_org_perc,logTransform,int10CVrep10,SG1stDer,8,69,0.33614917947956086,0.0014831047792113832,0.9232391034321931,0.9606451661257299,3.588344877991878,4.750209010240713
16,carbon_org_perc,logTransform,int10CVrep10,SNV,12,69,0.3190112953777764,0.015117361794096703,0.929804601764007,0.9638843458650501,3.77983808114272,5.003705474470215
16,carbon_org_perc,logTransform,int10CVrep10,SNVplusSG1stDer,8,69,0.31777611181161325,0.005541060116998289,0.9299565999375319,0.964001974464668,3.792779095928625,5.020836638594012
16,carbon_org_perc,logTransform,int10CVrep10,wavelet,7,69,0.3327582619765279,0.01523195901755111,0.9239489539846456,0.9608688336184501,3.626371930320826,4.800548777667681
16,clay_perc,withoutTransform,int10CVrep10,BOC,18,69,4.396695446381888,0.2569330434469265,0.8608893492057997,0.9264932663090184,2.641919145273145,3.3209074045095
16,clay_perc,withoutTransform,int10CVrep10,raw,18,69,4.35761107222787,0.4498572548564527,0.8699096382152502,0.9314833745975264,2.732703645552201,3.3367975048492746
16,clay_perc,withoutTransform,int10CVrep10,SG1stDer,17,69,5.046367791879194,0.17893708058163768,0.8363486674027732,0.9124670912167879,2.3427568359549342,2.8606487122767947
16,clay_perc,withoutTransform,int10CVrep10,SNV,18,69,4.806364047772096,0.24307340865524424,0.8418569458470336,0.9164353527339226,2.4773270268533825,3.0249671073387288
16,clay_perc,withoutTransform,int10CVrep10,SNVplusSG1stDer,15,69,4.88140618083649,0.13184005398052331,0.8378489317379494,0.9148324304128481,2.4225191082003206,2.958043302225363
16,clay_perc,withoutTransform,int10CVrep10,wavelet,16,69,5.006733060987105,0.2667587594918941,0.8366650819636556,0.912975309839521,2.361553370580963,2.8836004252962546
16,pH_H20,withoutTransform,int10CVrep10,BOC,5,70,2.630385954192864,-0.29595400980775427,0.09445062421557884,0.155840628656613,0.6389133495684487,1.0336578615321559
16,pH_H20,withoutTransform,int10CVrep10,raw,9,70,0.4832900286662518,0.002856964664664816,0.8409335639667922,0.9145630206762524,2.5261133182457183,3.9917023084618797
16,pH_H20,withoutTransform,int10CVrep10,SG1stDer,7,70,0.47167002633872596,0.01840258140724978,0.8496092152961384,0.9195977427406761,2.5892992502609116,4.0915471684947295
16,pH_H20,withoutTransform,int10CVrep10,SNV,6,70,0.4995234397025013,-5.984648618603697e-6,0.8297296401810751,0.9060569843906843,2.4406846465511745,3.8567100167270194
16,pH_H20,withoutTransform,int10CVrep10,SNVplusSG1stDer,6,70,0.521835466256168,0.025667654267244405,0.8164003199157566,0.9007878860679339,2.341463078062,3.6999225277704686
16,pH_H20,withoutTransform,int10CVrep10,wavelet,7,70,0.4659164053685579,7.572788604077665e-5,0.852365758818818,0.9211889404492066,2.619043497308883,4.138548298153989
16,potassium_cmolkg,logTransform,int10CVrep10,BOC,11,69,0.3625624006204783,0.014352660847713215,0.783408951230698,0.8836036018384394,2.14806137609562,2.718494355548795
16,potassium_cmolkg,logTransform,int10CVrep10,raw,17,69,0.4975290941527052,0.0031384736211806717,0.6363807255168226,0.7951155567558772,1.5636502812852264,2.0749991862606425
16,potassium_cmolkg,logTransform,int10CVrep10,SG1stDer,5,69,0.516306701570111,-4.9338334872065415e-6,0.5909730690570473,0.7684228033861604,1.4882910408490204,1.974995774721701
16,potassium_cmolkg,logTransform,int10CVrep10,SNV,13,69,0.4857547106328896,-0.013095867482524106,0.6426942919099563,0.8000677657846224,1.5929215804622574,2.1138428603865522
16,potassium_cmolkg,logTransform,int10CVrep10,SNVplusSG1stDer,6,69,0.5153030422326061,-0.008248009410256144,0.592063409732046,0.7691580420949573,1.4902317659317068,1.9775711606731046
16,potassium_cmolkg,logTransform,int10CVrep10,wavelet,5,69,0.5085171092259962,0.0051317325749226745,0.6020434012373996,0.7757084082704472,1.5102353689005277,2.004116392928278
17,carbon_org_perc,logTransform,int10CVrep10,BOC,5,69,0.6565130764959644,0.041037776188833815,0.7035187671424921,0.8338365526527733,1.8371383865519075,2.4319823243248777
17,carbon_org_perc,logTransform,int10CVrep10,raw,25,69,0.39068621462527764,-0.020495886483228705,0.9012518041549857,0.9478171330964913,3.140207503498783,4.156969991550287
17,carbon_org_perc,logTransform,int10CVrep10,SG1stDer,7,69,0.3441173674493494,0.0013982740095758804,0.9184407020873822,0.9575886716092098,3.5256486811207335,4.667212517592604
17,carbon_org_perc,logTransform,int10CVrep10,SNV,10,69,0.396461422379787,0.032762115118349644,0.8926336551903926,0.9435663017199092,3.047063714668787,4.033667332527219
17,carbon_org_perc,logTransform,int10CVrep10,SNVplusSG1stDer,7,69,0.3594434430705831,6.187404880729102e-4,0.9108815222365088,0.9531522172214408,3.3694611828289154,4.460453332815485
17,carbon_org_perc,logTransform,int10CVrep10,wavelet,7,69,0.3429424017841588,0.0024921932211531793,0.9189201110501943,0.9577532110429764,3.5378507427924077,4.683365464220392
17,clay_perc,withoutTransform,int10CVrep10,BOC,12,69,5.15194875443559,-0.05026705948846511,0.8129714882877209,0.9006333292813031,2.315345716312688,2.827178066538739
17,clay_perc,withoutTransform,int10CVrep10,raw,12,69,5.283183326074895,0.08632858860877624,0.8056341288179214,0.8965457923968576,2.2536944608809306,2.7518981306297197
17,clay_perc,withoutTransform,int10CVrep10,SG1stDer,15,69,4.708361459521331,0.14702001727242436,0.8484120478438967,0.9199692664559004,2.527585749401842,3.0863360670755693
17,clay_perc,withoutTransform,int10CVrep10,SNV,11,69,5.2024812605860875,-0.09555032950430356,0.804014057632354,0.8936256154222461,2.2967203095777857,2.804435311091773
17,clay_perc,withoutTransform,int10CVrep10,SNVplusSG1stDer,7,69,5.235606991967135,0.3543550463931078,0.8071109876508239,0.8975347844703436,2.2557094745688757,2.7543585850068766
17,clay_perc,withoutTransform,int10CVrep10,wavelet,15,69,4.656159105501641,0.25661906994669065,0.8512349512216496,0.9216030536192648,2.5489882056483557,3.1124697690294023
17,pH_H20,withoutTransform,int10CVrep10,BOC,10,70,0.5429054225833104,0.011872423901518261,0.825938546568263,0.9043074298310286,2.2970053062000915,3.6296714470733074
17,pH_H20,withoutTransform,int10CVrep10,raw,9,70,0.4406537437520771,4.236809914656157e-4,0.8683597505576547,0.9309377625398987,2.7700055943067907,4.377094901239583
17,pH_H20,withoutTransform,int10CVrep10,SG1stDer,7,70,0.41740016238114436,0.01568883431806732,0.8818965017250113,0.9382492348814758,2.930091512024697,4.630058742050404
17,pH_H20,withoutTransform,int10CVrep10,SNV,5,70,0.5010039187326167,-0.0059359931134818225,0.8287706465947497,0.9057137672719947,2.43613848648489,3.849526286092232
17,pH_H20,withoutTransform,int10CVrep10,SNVplusSG1stDer,7,70,0.4175092308833791,0.02402231673485655,0.8823317137956217,0.9385061994603422,2.9260805561160024,4.62372072789869
17,pH_H20,withoutTransform,int10CVrep10,wavelet,8,70,0.4143023124578367,0.02393195541887165,0.8861591584663137,0.9408916840883482,2.9502517726943314,4.661915491497439
17,potassium_cmolkg,logTransform,int10CVrep10,BOC,6,69,0.5128916934482951,0.017014699153718255,0.5803687046820958,0.7593742265644225,1.5002795692593391,1.9909048222840675
17,potassium_cmolkg,logTransform,int10CVrep10,raw,5,69,0.5680849895232212,-0.00947077554706429,0.502913372861426,0.7071747308994372,1.3558806592808343,1.79928421229956
17,potassium_cmolkg,logTransform,int10CVrep10,SG1stDer,5,69,0.5738157463680974,0.001002903424950689,0.519067165483327,0.7200694364998091,1.3391278000735505,1.7770527903257922
17,potassium_cmolkg,logTransform,int10CVrep10,SNV,5,69,0.5835220004351294,-0.00368216594325358,0.4922287260003059,0.7007133360857493,1.3169044058089123,1.7475618449609684
17,potassium_cmolkg,logTransform,int10CVrep10,SNVplusSG1stDer,5,69,0.5663323065750143,-0.009415050652598875,0.5249444657994079,0.724195031953137,1.356454328189124,1.800045483878078
17,potassium_cmolkg,logTransform,int10CVrep10,wavelet,5,69,0.5660250944087858,0.004012972159088653,0.5352752540865588,0.7311771158208783,1.3569552535997365,1.800710223194688
18,carbon_org_perc,logTransform,int10CVrep10,BOC,8,69,0.3722589869195506,0.005806825592146169,0.9091662885908041,0.9525274877152011,3.2743246253976457,4.334512670008792
18,carbon_org_perc,logTransform,int10CVrep10,raw,10,69,0.3930734070620264,0.03773358066264469,0.8932702273633991,0.9418845173938307,3.0735079615401264,4.068673917464943
18,carbon_org_perc,logTransform,int10CVrep10,SG1stDer,7,69,0.28604659070870986,0.010794144512536895,0.9432979153791138,0.9704085297415816,4.2241133133059,5.591831834283588
18,carbon_org_perc,logTransform,int10CVrep10,SNV,10,69,0.31496817452236725,0.030081246103996616,0.9316338852430536,0.9636049812357034,3.849120004812837,5.095420075283271
18,carbon_org_perc,logTransform,int10CVrep10,SNVplusSG1stDer,7,69,0.2961784773188464,0.010891921260945464,0.9392146949144604,0.9679626780367445,4.073146889503443,5.391984246893502
18,carbon_org_perc,logTransform,int10CVrep10,wavelet,7,69,0.29070937072760206,0.004916314025758195,0.9414174946291669,0.9695001059382601,4.164166548120783,5.512475007167103
18,clay_perc,withoutTransform,int10CVrep10,BOC,30,69,6.709925717715195,0.5159011043753572,0.7449690552606496,0.8518923372169989,1.8062957563549644,2.2055970769589788
18,clay_perc,withoutTransform,int10CVrep10,raw,28,69,7.972548216325194,0.5781988836192081,0.6963907692386625,0.8126757487949391,1.55882693860297,1.9034225857927423
18,clay_perc,withoutTransform,int10CVrep10,SG1stDer,12,69,9.221909350833018,1.319383163550506,0.6498348598064221,0.7727642828725652,1.3068550155634906,1.5957495289434656
18,clay_perc,withoutTransform,int10CVrep10,SNV,21,69,6.3806610451450645,0.3247807977036213,0.749062182579488,0.8586089886899712,1.929744580274379,2.356335605925094
18,clay_perc,withoutTransform,int10CVrep10,SNVplusSG1stDer,21,69,5.561404211127025,0.6132640254647852,0.7923238363705104,0.8857906094852105,2.2003996774944197,2.6868219557890853
18,clay_perc,withoutTransform,int10CVrep10,wavelet,25,69,8.528580378734057,1.301968555495718,0.6643518754577442,0.7884618798805735,1.49211446207354,1.821962590821083
18,pH_H20,withoutTransform,int10CVrep10,BOC,12,70,0.5492371422686555,-0.043051446506559815,0.8310193592271115,0.9049999729442959,2.3063178530070614,3.6443869051323534
18,pH_H20,withoutTransform,int10CVrep10,raw,11,70,0.5595969753183888,0.005048424112740511,0.825946357797977,0.9033968547570485,2.201898335183742,3.4793857441261324
18,pH_H20,withoutTransform,int10CVrep10,SG1stDer,13,70,0.6122659503672953,-0.026740854245070722,0.8142826759972617,0.8901486798956068,2.059552151737813,3.2544537963161084
18,pH_H20,withoutTransform,int10CVrep10,SNV,8,70,0.4737860707665406,0.011831738094484274,0.8535446164402755,0.923439071812419,2.5911564296928997,4.094481837882817
18,pH_H20,withoutTransform,int10CVrep10,SNVplusSG1stDer,10,70,0.4313686359431447,-3.625298177598346e-4,0.8857349450268861,0.9395633430785321,2.833582526749863,4.477557610558648
18,pH_H20,withoutTransform,int10CVrep10,wavelet,13,70,0.5881669050928202,-0.02232364514453238,0.8211910236828619,0.8967398418386261,2.1216624708014384,3.352598999144045
18,potassium_cmolkg,logTransform,int10CVrep10,BOC,10,69,0.6293207226480249,0.015173201978895046,0.49851857400419036,0.7000944669182683,1.222976036539087,1.6229167806941176
18,potassium_cmolkg,logTransform,int10CVrep10,raw,5,69,0.5437342310371617,-0.006562275134491375,0.5204585073879702,0.7163686373522686,1.4128819827651162,1.8749262540407912
18,potassium_cmolkg,logTransform,int10CVrep10,SG1stDer,5,69,0.5478576114218717,-0.008610619811239272,0.5428610419858607,0.7362303273249449,1.4022851310352131,1.8608639928180322
18,potassium_cmolkg,logTransform,int10CVrep10,SNV,5,69,0.5983031972680277,-0.015496083231197314,0.4626804495040938,0.6788308582812117,1.2834726969663588,1.703197213384538
18,potassium_cmolkg,logTransform,int10CVrep10,SNVplusSG1stDer,5,69,0.5485888653119542,-0.011908161168236429,0.5396155186855764,0.7338701561015939,1.4003374790131673,1.8582794146618842
18,potassium_cmolkg,logTransform,int10CVrep10,wavelet,5,69,0.5271339519533976,-0.0036006770381968854,0.5738020141639426,0.7571873656181494,1.4574015268638716,1.9340046930518997
19,carbon_org_perc,logTransform,int10CVrep10,BOC,9,69,0.5015765439639881,0.045459474581579055,0.8231644235672297,0.902938261989944,2.4509324402523287,3.2445157188160954
19,carbon_org_perc,logTransform,int10CVrep10,raw,9,69,0.3940287703917042,0.020764293347684645,0.8919313334237703,0.9421749248639821,3.0699124398073114,4.0639142078181685
19,carbon_org_perc,logTransform,int10CVrep10,SG1stDer,7,69,0.3231078223940848,0.004907516097479546,0.9276930477809472,0.9622639284517654,3.7463761669482523,4.95940898355003
19,carbon_org_perc,logTransform,int10CVrep10,SNV,9,69,0.3412046352966076,0.0165224707277237,0.9189560980092152,0.9578010703472818,3.547233165536784,4.695785805791118
19,carbon_org_perc,logTransform,int10CVrep10,SNVplusSG1stDer,8,69,0.3119188311192417,0.0018389687693878367,0.9327174465222261,0.9652732388101971,3.8749170160643582,5.12956985727213
19,carbon_org_perc,logTransform,int10CVrep10,wavelet,7,69,0.32437022661599996,0.0042040362749901075,0.927157718257608,0.9620579282575468,3.736935872520578,4.946912032121337
19,clay_perc,withoutTransform,int10CVrep10,BOC,23,69,9.12385216157636,0.5240040617198367,0.6216470604923294,0.7649478918680412,1.343252463436638,1.6401930284951554
19,clay_perc,withoutTransform,int10CVrep10,raw,22,69,9.801665099483643,0.6347898633878666,0.581768677544269,0.7356139858208122,1.241359275404629,1.5157752431492282
19,clay_perc,withoutTransform,int10CVrep10,SG1stDer,18,69,6.211163499709914,0.4748158093275006,0.7724628005443119,0.8696227051794102,2.016847329567064,2.4626933652007486
19,clay_perc,withoutTransform,int10CVrep10,SNV,18,69,5.497481159766079,0.21876869243526387,0.7959769537323446,0.8899225320488385,2.180264339053109,2.662235481811339
19,clay_perc,withoutTransform,int10CVrep10,SNVplusSG1stDer,19,69,5.641509095152315,0.15060552668490781,0.8040496968389993,0.8925479245028173,2.1160889811035566,2.5838734630730786
19,clay_perc,withoutTransform,int10CVrep10,wavelet,18,69,6.07222160460395,0.47472039955140416,0.7788524026575485,0.8733216149620121,2.072079041231782,2.5301346473797914
19,pH_H20,withoutTransform,int10CVrep10,BOC,5,70,0.6400580955434798,-0.06049031463083627,0.729001016721105,0.85046624054954445,1.9077637780800867,3.0146015311184455
19,pH_H20,withoutTransform,int10CVrep10,raw,10,70,0.6420509284553301,-0.03049794713995374,0.78359511680788,0.8766009758078058,1.9283656430337224,3.0471560928239976
19,pH_H20,withoutTransform,int10CVrep10,SG1stDer,20,70,0.6050926792582288,0.017854467543903043,0.8205940582547838,0.8935058722120273,2.0488434963374305,3.2375322416995824
19,pH_H20,withoutTransform,int10CVrep10,SNV,7,70,0.45917679223092767,0.03189177782140688,0.8629583429108794,0.9278868816151958,2.676494601204252,4.229331123447862
19,pH_H20,withoutTransform,int10CVrep10,SNVplusSG1stDer,6,70,0.4397806031427376,-0.013800120825806325,0.872231819523076,0.9334206217801154,2.7814231114900076,4.395136581859358
19,pH_H20,withoutTransform,int10CVrep10,wavelet,18,70,0.5668963719021471,0.010877127011982922,0.8362158396045082,0.9040538652295637,2.210299485104898,3.492661035179703
19,potassium_cmolkg,logTransform,int10CVrep10,BOC,6,69,0.5602441492092377,-0.004586763006364249,0.5201698489945544,0.7199377132671504,1.3732127650811163,1.8222843075652406
19,potassium_cmolkg,logTransform,int10CVrep10,raw,5,69,0.5695137972791147,-0.007856587635362395,0.49044659025602366,0.6970766124453014,1.3502045128151636,1.791751837932779
19,potassium_cmolkg,logTransform,int10CVrep10,SG1stDer,5,69,0.5736608100841173,-0.0019283821397148623,0.514483465763144,0.7169184731043282,1.3395377123225483,1.7775967531244363
19,potassium_cmolkg,logTransform,int10CVrep10,SNV,23,69,0.5319416920027563,0.01959882858861264,0.6115151156361485,0.7757362017345626,1.4757119721888021,1.958303066930023
19,potassium_cmolkg,logTransform,int10CVrep10,SNVplusSG1stDer,5,69,0.5662880221567317,-0.01680930360622893,0.5181414942831843,0.7191779896571464,1.3558796169262073,1.799282829071463
19,potassium_cmolkg,logTransform,int10CVrep10,wavelet,5,69,0.5654616754622792,0.0013471402030656463,0.5313141615537618,0.7286211159483555,1.3582304840971169,1.8024024828233463
20,carbon_org_perc,logTransform,int10CVrep10,BOC,9,69,0.38787082942253687,0.003051803381599343,0.8983831172312782,0.9474523360581606,3.1077654991493406,4.114023645362618
20,carbon_org_perc,logTransform,int10CVrep10,raw,10,69,0.39401193038717947,0.019936928127602394,0.8923155930338973,0.9436271088402711,3.0647498790220085,4.057080070188681
20,carbon_org_perc,logTransform,int10CVrep10,SG1stDer,17,69,0.3614493524498284,0.019303943620820867,0.9103158645599636,0.9537799051371914,3.3324081221607935,4.411402924165465
20,carbon_org_perc,logTransform,int10CVrep10,SNV,11,69,0.3776412106684725,0.03475586412657001,0.9013540813088515,0.9483018976167357,3.209673819370033,4.248928688604096
20,carbon_org_perc,logTransform,int10CVrep10,SNVplusSG1stDer,15,69,0.35288390315750306,0.024161033998938142,0.9133494797203164,0.9544608972286114,3.4175259486148404,4.524080907999725
20,carbon_org_perc,logTransform,int10CVrep10,wavelet,16,69,0.4065586723529291,-0.002570835251410627,0.8863941165922911,0.9408407188681868,2.967678764866962,3.9285784638014336
20,clay_perc,withoutTransform,int10CVrep10,BOC,5,69,10.46901302076837,0.8747571942769048,0.39571414322970355,0.6244092878509804,1.1330249289431409,1.3834924112546914
20,clay_perc,withoutTransform,int10CVrep10,raw,14,69,9.846023767863553,1.4967867699103168,0.5446570752452446,0.7172824811056607,1.2176934163242688,1.486877788550377
20,clay_perc,withoutTransform,int10CVrep10,SG1stDer,8,69,9.627219209687906,0.9239311303021535,0.5305244154940236,0.7160731643129762,1.2363647293299018,1.509676598348454
20,clay_perc,withoutTransform,int10CVrep10,SNV,15,69,5.839410825166203,0.12143881862624903,0.76261490659284,0.8713948519127372,2.0313586471503484,2.4804125673479662
20,clay_perc,withoutTransform,int10CVrep10,SNVplusSG1stDer,8,69,7.037676773200278,0.49833818933333274,0.6672116552702044,0.815122964347669,1.6821005416005443,2.0539471593466985
20,clay_perc,withoutTransform,int10CVrep10,wavelet,7,69,9.174527085511983,0.5070808861508258,0.5312452912476489,0.7235159707369637,1.2908539221604305,1.5762112198300373
20,pH_H20,withoutTransform,int10CVrep10,BOC,5,70,0.6112164820226924,-0.05384481351432962,0.7560998184744002,0.8674410754628711,2.002932887133697,3.1649854230680643
20,pH_H20,withoutTransform,int10CVrep10,raw,5,70,0.5437515767296965,-0.04378903288018801,0.8034586535201119,0.8946715979838215,2.246186240624334,3.5493684060705784
20,pH_H20,withoutTransform,int10CVrep10,SG1stDer,6,70,0.7086248858751911,-0.09253141519943667,0.7176303450865933,0.8416923805763722,1.7299067906521906,2.7335562818162327
20,pH_H20,withoutTransform,int10CVrep10,SNV,6,70,0.6484665663025394,-0.009653382184116484,0.7497210228627996,0.8640489836608981,1.8863536231779203,2.980769729460848
20,pH_H20,withoutTransform,int10CVrep10,SNVplusSG1stDer,5,70,0.524137843463428,-0.04324534920919931,0.8161074837636741,0.9008341086066541,2.335745246382047,3.6908873503889112
20,pH_H20,withoutTransform,int10CVrep10,wavelet,8,70,0.5718043895986034,-0.07576774418491586,0.7879328834779733,0.8849524783115347,2.1518560093364534,3.400310088191527
20,potassium_cmolkg,logTransform,int10CVrep10,BOC,6,69,0.5663905631807079,-0.017524471644314723,0.4962730584514895,0.6989349059397707,1.3660228878712215,1.8127431783636503
20,potassium_cmolkg,logTransform,int10CVrep10,raw,6,69,0.5608309763823865,-0.008744397334825642,0.5051613193658118,0.7067670638372496,1.3731734360566539,1.8222321170628422
20,potassium_cmolkg,logTransform,int10CVrep10,SG1stDer,5,69,0.5768010359334114,-0.017869085779139125,0.4778475669568938,0.6873777821443267,1.333113483347017,1.7690716563965267
20,potassium_cmolkg,logTransform,int10CVrep10,SNV,5,69,0.6111963891896494,0.0035501285480019243,0.4727461356342719,0.6851049243452709,1.2630739671216766,1.6761276388543076
20,potassium_cmolkg,logTransform,int10CVrep10,SNVplusSG1stDer,5,69,0.5633482944354424,-0.037383541845628934,0.4891948616257247,0.6920158018794472,1.3635841984946462,1.8095069825643078
20,potassium_cmolkg,logTransform,int10CVrep10,wavelet,5,69,0.5603100628931927,-0.016578353030102237,0.5000765184987851,0.7023255872251682,1.3730941030814872,1.8221268404157014
